TransactionID,CustomerID,TransactionDate,Product,Quantity,Price,PaymentMode
T1000,C231,2023-07-24,Grocery,8,4581.77,Card
T1001,C745,2023-06-04,Clothing,9,3618.16,Wallet
T1002,C932,2023-10-25,Electronics,7,2978.99,Card
T1003,C827,2023-04-07,Home & Kitchen,4,97.96,Card
T1004,C191,2023-06-08,Toys,8,4855.38,Card
T1005,C287,2023-01-03,Personal Care,6,547.37,Wallet
T1006,C474,2023-06-27,Home & Kitchen,3,144.65,Card
T1007,C704,2023-11-19,Toys,6,3466.13,Card
T1008,C733,2023-02-09,Home & Kitchen,9,108.85,Cash
T1009,C723,2023-05-03,Electronics,3,1594.72,Wallet
T1010,C464,2023-03-03,Electronics,10,2093.87,Card
T1011,C299,2023-03-30,Electronics,1,3874.47,Card
T1012,C523,2023-04-16,Toys,8,1218.53,UPI
T1013,C674,2023-09-04,Clothing,4,2979.96,Cash
T1014,C947,2023-11-22,Grocery,8,1046.65,Cash
T1015,C152,2023-02-07,Home & Kitchen,2,1689.96,Card
T1016,C691,2023-04-12,Electronics,6,3501.4,UPI
T1017,C880,2023-05-16,Electronics,6,1705.69,Wallet
T1018,C629,2023-02-14,Clothing,4,4961.3,Cash
T1019,C125,2023-10-12,Personal Care,2,666.3,Cash
T1020,C888,2023-06-01,Toys,9,4990.84,Card
T1021,C668,2023-12-11,Personal Care,2,3932.98,Wallet
T1022,C517,2023-08-31,Personal Care,3,3962.83,Card
T1023,C259,2023-12-05,Personal Care,3,4844.33,Cash
T1024,C484,2023-11-09,Personal Care,9,3391.92,Wallet
T1025,C744,2023-11-01,Toys,7,3363.28,Wallet
T1026,C315,2023-06-12,Clothing,8,3873.47,Wallet
T1027,C759,2023-09-04,Personal Care,4,328.13,Card
T1028,C586,2023-06-21,Personal Care,7,2031.06,Card
T1029,C263,2023-11-03,Toys,10,2647.17,UPI
T1030,C801,2023-11-03,Grocery,1,2763.27,Card
T1031,C293,2023-08-11,Clothing,10,4097.57,UPI
T1032,C594,2023-02-12,Clothing,8,348.73,Wallet
T1033,C574,2023-08-12,Personal Care,3,249.43,Cash
T1034,C326,2023-03-16,Electronics,6,668.65,Card
T1035,C287,2023-02-02,Clothing,4,1163.04,Cash
T1036,C431,2023-11-02,Home & Kitchen,2,4936.17,Card
T1037,C457,2023-03-08,Grocery,4,1659.38,Wallet
T1038,C675,2023-10-17,Electronics,2,1510.27,Card
T1039,C877,2023-01-09,Electronics,6,788.77,Card
T1040,C614,2023-10-02,Personal Care,7,166.71,Wallet
T1041,C786,2023-11-13,Home & Kitchen,9,510.68,UPI
T1042,C818,2023-03-12,Clothing,10,894.07,Card
T1043,C108,2023-08-28,Electronics,6,3182.23,Wallet
T1044,C567,2023-12-09,Toys,3,4435.04,Card
T1045,C567,2023-06-13,Toys,6,4444.69,Wallet
T1046,C376,2023-02-24,Home & Kitchen,6,2944.43,UPI
T1047,C742,2023-02-25,Personal Care,1,693.59,Card
T1048,C529,2023-07-09,Electronics,3,1045.63,Card
T1049,C197,2023-12-07,Personal Care,10,134.64,Card
T1050,C681,2023-02-09,Grocery,1,572.81,UPI
T1051,C826,2023-12-20,Personal Care,10,92.13,Card
T1052,C154,2023-01-11,Toys,4,2309.58,UPI
T1053,C576,2023-11-03,Electronics,10,4460.52,Cash
T1054,C580,2023-04-13,Clothing,5,433.25,Cash
T1055,C172,2023-03-08,Personal Care,3,2194.38,Cash
T1056,C787,2023-08-06,Electronics,6,3742.13,Card
T1057,C653,2023-10-21,Electronics,8,4392.31,UPI
T1058,C835,2023-11-12,Electronics,10,2648.15,Cash
T1059,C263,2023-09-24,Grocery,7,2990.82,Cash
T1060,C139,2023-09-29,Clothing,3,2836.81,Wallet
T1061,C364,2023-05-31,Clothing,10,1898.28,Card
T1062,C635,2023-08-03,Grocery,1,3812.27,Cash
T1063,C595,2023-05-22,Clothing,7,1841.38,Wallet
T1064,C964,2023-02-26,Toys,8,896.75,UPI
T1065,C398,2023-02-22,Toys,5,3568.21,Card
T1066,C731,2023-05-29,Clothing,5,1430.97,Wallet
T1067,C971,2023-02-20,Clothing,3,3938.85,Cash
T1068,C837,2023-04-22,Electronics,6,935.99,Card
T1069,C703,2023-11-14,Home & Kitchen,4,4367.86,Card
T1070,C874,2023-06-18,Personal Care,10,4886.79,Card
T1071,C555,2023-01-11,Clothing,7,2221.51,Card
T1072,C748,2023-08-17,Home & Kitchen,9,2204.58,Wallet
T1073,C917,2023-10-06,Toys,4,4279.42,UPI
T1074,C790,2023-02-05,Clothing,4,682.23,UPI
T1075,C738,2023-04-08,Electronics,9,1148.0,Cash
T1076,C128,2023-08-07,Home & Kitchen,6,3921.02,UPI
T1077,C172,2023-12-19,Electronics,7,1306.37,UPI
T1078,C353,2023-11-27,Grocery,3,643.19,Cash
T1079,C235,2023-05-30,Electronics,4,2796.3,UPI
T1080,C146,2023-05-02,Grocery,1,4829.59,UPI
T1081,C984,2023-11-12,Grocery,8,2864.88,Card
T1082,C166,2023-04-04,Grocery,4,2443.82,Wallet
T1083,C435,2023-08-03,Electronics,7,2676.94,Cash
T1084,C232,2023-12-12,Toys,3,515.27,Cash
T1085,C650,2023-03-24,Home & Kitchen,2,657.27,Cash
T1086,C345,2023-11-22,Clothing,10,4375.78,Wallet
T1087,C349,2023-06-18,Toys,3,1633.31,Wallet
T1088,C464,2023-11-11,Electronics,4,2837.34,UPI
T1089,C524,2023-02-11,Toys,1,3034.23,UPI
T1090,C870,2023-12-01,Home & Kitchen,6,4343.54,UPI
T1091,C929,2023-10-23,Toys,4,3068.16,Cash
T1092,C704,2023-11-04,Clothing,5,4837.44,Cash
T1093,C673,2023-11-05,Home & Kitchen,10,3917.76,Wallet
T1094,C659,2023-07-28,Toys,10,947.43,Cash
T1095,C527,2023-01-15,Home & Kitchen,5,1720.99,Wallet
T1096,C213,2023-04-18,Electronics,8,4430.43,Wallet
T1097,C205,2023-10-29,Toys,5,795.27,Card
T1098,C693,2023-07-30,Home & Kitchen,1,2198.03,Wallet
T1099,C813,2023-12-17,Home & Kitchen,8,3598.56,UPI
T1100,C779,2023-11-07,Clothing,3,4345.76,Card
T1101,C702,2023-12-30,Home & Kitchen,10,3041.63,UPI
T1102,C979,2023-01-28,Home & Kitchen,4,3588.71,Card
T1103,C621,2023-06-24,Toys,1,2574.0,Cash
T1104,C979,2023-05-15,Grocery,6,4733.13,Wallet
T1105,C810,2023-11-13,Personal Care,6,4831.93,Cash
T1106,C436,2023-02-16,Grocery,1,1359.12,Wallet
T1107,C915,2023-10-02,Toys,10,4029.0,UPI
T1108,C181,2023-05-01,Home & Kitchen,2,4198.3,Card
T1109,C159,2023-08-16,Electronics,9,407.62,Card
T1110,C592,2023-03-27,Grocery,8,447.52,Card
T1111,C934,2023-03-03,Clothing,2,4221.79,Card
T1112,C677,2023-02-07,Personal Care,2,986.67,Wallet
T1113,C524,2023-04-20,Grocery,10,3365.53,Card
T1114,C379,2023-10-18,Toys,7,2515.64,Wallet
T1115,C126,2023-11-12,Personal Care,8,1940.71,UPI
T1116,C663,2023-07-22,Home & Kitchen,3,3107.1,UPI
T1117,C942,2023-07-24,Clothing,9,4955.54,UPI
T1118,C617,2023-11-22,Grocery,8,4900.37,UPI
T1119,C606,2023-08-20,Personal Care,8,2884.82,Cash
T1120,C846,2023-02-17,Electronics,10,445.05,UPI
T1121,C765,2023-09-03,Home & Kitchen,2,3284.47,Wallet
T1122,C838,2023-11-19,Grocery,1,1514.07,Card
T1123,C973,2023-04-10,Home & Kitchen,1,4890.3,Wallet
T1124,C219,2023-03-14,Toys,8,3750.98,Wallet
T1125,C664,2023-06-10,Personal Care,9,997.61,Cash
T1126,C697,2023-11-02,Electronics,2,1206.46,Cash
T1127,C342,2023-11-09,Toys,2,291.9,Wallet
T1128,C733,2023-11-23,Toys,4,2930.82,Wallet
T1129,C745,2023-04-04,Toys,1,3440.29,UPI
T1130,C465,2023-02-22,Clothing,6,3473.94,Card
T1131,C142,2023-08-07,Toys,10,3304.35,Wallet
T1132,C715,2023-04-08,Grocery,6,459.11,Cash
T1133,C294,2023-08-15,Electronics,9,3468.91,UPI
T1134,C115,2024-01-01,Home & Kitchen,5,4389.1,Card
T1135,C233,2023-05-29,Electronics,10,474.4,Cash
T1136,C326,2023-05-30,Clothing,6,334.52,UPI
T1137,C417,2023-03-30,Electronics,4,2794.78,Card
T1138,C940,2023-02-02,Grocery,5,3084.35,Card
T1139,C155,2023-07-31,Home & Kitchen,7,1357.41,Card
T1140,C215,2023-07-28,Toys,10,681.85,Card
T1141,C454,2023-06-16,Electronics,8,538.84,UPI
T1142,C688,2023-11-23,Clothing,6,674.78,Cash
T1143,C674,2023-05-16,Clothing,1,2541.24,Wallet
T1144,C836,2023-11-24,Electronics,3,4904.17,Card
T1145,C910,2023-12-13,Home & Kitchen,10,4551.01,UPI
T1146,C563,2023-12-11,Personal Care,1,1362.29,Card
T1147,C425,2023-10-14,Clothing,5,3093.35,Wallet
T1148,C348,2023-04-27,Home & Kitchen,3,270.91,UPI
T1149,C467,2023-11-22,Toys,10,4127.84,Card
T1150,C426,2023-02-09,Clothing,7,3122.27,UPI
T1151,C812,2023-05-12,Electronics,4,1477.36,Cash
T1152,C346,2023-10-05,Electronics,4,4952.91,Card
T1153,C682,2023-12-08,Grocery,1,2445.65,UPI
T1154,C979,2023-06-27,Clothing,7,1399.18,Wallet
T1155,C785,2023-04-17,Grocery,5,2071.12,Wallet
T1156,C524,2023-05-13,Personal Care,9,2251.85,Cash
T1157,C610,2023-05-25,Grocery,7,2686.17,Cash
T1158,C783,2023-12-16,Grocery,3,3432.94,Cash
T1159,C858,2023-11-10,Clothing,1,3556.4,Cash
T1160,C200,2023-11-12,Electronics,6,3458.51,Wallet
T1161,C696,2023-04-12,Electronics,4,3702.59,Card
T1162,C744,2023-11-08,Grocery,10,2161.69,UPI
T1163,C624,2023-08-20,Electronics,1,356.91,Cash
T1164,C674,2023-08-27,Home & Kitchen,10,4740.6,UPI
T1165,C159,2023-05-31,Home & Kitchen,2,2872.38,Card
T1166,C875,2023-02-27,Electronics,2,4899.1,Cash
T1167,C689,2023-05-04,Personal Care,6,3734.26,Card
T1168,C422,2023-10-14,Toys,9,4242.96,Card
T1169,C290,2023-12-20,Grocery,9,4288.43,UPI
T1170,C317,2023-05-07,Clothing,3,1130.43,Cash
T1171,C798,2023-11-13,Clothing,7,522.5,Card
T1172,C119,2023-06-14,Home & Kitchen,4,4702.74,Wallet
T1173,C458,2023-09-04,Personal Care,7,218.73,Card
T1174,C350,2023-02-26,Grocery,10,504.78,UPI
T1175,C937,2023-05-04,Electronics,2,1999.77,Wallet
T1176,C103,2023-06-08,Personal Care,1,3718.62,Cash
T1177,C236,2023-11-22,Personal Care,6,227.0,UPI
T1178,C805,2023-02-25,Grocery,7,1235.42,Wallet
T1179,C571,2023-07-24,Electronics,5,3799.83,Card
T1180,C285,2023-08-01,Personal Care,6,4205.59,UPI
T1181,C362,2023-01-29,Personal Care,2,3939.45,Wallet
T1182,C687,2023-05-12,Grocery,10,1699.44,UPI
T1183,C699,2023-08-07,Toys,4,2732.9,Card
T1184,C878,2023-05-08,Personal Care,8,625.82,UPI
T1185,C448,2023-12-02,Grocery,5,2657.42,Cash
T1186,C414,2023-04-03,Personal Care,6,4075.46,Cash
T1187,C975,2023-03-18,Clothing,10,1824.84,Cash
T1188,C527,2023-05-25,Home & Kitchen,2,2790.98,Wallet
T1189,C665,2023-11-13,Clothing,3,178.67,Wallet
T1190,C900,2023-12-23,Electronics,3,3695.02,Card
T1191,C910,2023-03-16,Home & Kitchen,5,2458.1,Wallet
T1192,C901,2023-09-27,Toys,1,3961.07,Card
T1193,C596,2023-05-21,Electronics,9,282.26,UPI
T1194,C807,2023-10-09,Toys,4,2684.42,Wallet
T1195,C375,2023-01-03,Clothing,7,4776.92,Card
T1196,C454,2023-12-17,Toys,6,3396.01,UPI
T1197,C160,2023-08-20,Toys,4,2176.63,Wallet
T1198,C171,2023-09-14,Grocery,10,3493.71,Card
T1199,C580,2023-12-22,Home & Kitchen,1,4705.19,Cash
T1200,C664,2023-07-12,Home & Kitchen,9,2197.01,Wallet
T1201,C862,2023-10-12,Electronics,1,4930.7,UPI
T1202,C518,2023-11-25,Home & Kitchen,10,2775.56,Cash
T1203,C867,2023-01-20,Personal Care,8,3696.76,Cash
T1204,C202,2023-07-20,Clothing,10,2713.23,Wallet
T1205,C265,2023-07-28,Toys,1,4422.16,Cash
T1206,C871,2023-11-08,Grocery,1,4005.55,Wallet
T1207,C297,2023-03-27,Electronics,4,178.26,Cash
T1208,C551,2023-06-13,Electronics,10,1581.07,Card
T1209,C498,2023-05-22,Toys,7,2430.31,UPI
T1210,C814,2023-03-15,Home & Kitchen,5,4334.09,Wallet
T1211,C119,2023-10-03,Toys,5,2859.03,Cash
T1212,C255,2023-01-30,Toys,8,4199.15,Card
T1213,C331,2023-04-16,Toys,1,2905.31,UPI
T1214,C152,2023-01-21,Home & Kitchen,10,4694.04,UPI
T1215,C860,2023-03-02,Clothing,7,764.73,UPI
T1216,C221,2023-09-23,Toys,6,4160.4,Card
T1217,C243,2023-01-14,Personal Care,4,1477.83,Wallet
T1218,C989,2023-03-25,Toys,3,1082.97,Wallet
T1219,C509,2023-02-07,Electronics,6,4902.86,Card
T1220,C974,2023-04-30,Electronics,7,63.68,Cash
T1221,C245,2023-06-26,Grocery,10,2352.86,Wallet
T1222,C749,2023-03-06,Electronics,1,1284.82,Cash
T1223,C233,2023-01-23,Electronics,8,4938.4,Wallet
T1224,C739,2023-06-02,Toys,2,1818.94,Wallet
T1225,C291,2023-12-07,Clothing,9,4547.99,Card
T1226,C634,2023-01-10,Clothing,2,1691.75,Card
T1227,C352,2023-04-27,Toys,9,1239.8,Cash
T1228,C245,2023-03-30,Clothing,5,3340.11,Wallet
T1229,C282,2023-01-10,Home & Kitchen,10,1470.19,Card
T1230,C648,2023-03-29,Electronics,4,4808.17,Card
T1231,C633,2023-01-28,Grocery,10,132.95,Wallet
T1232,C478,2023-11-06,Toys,2,2167.87,Wallet
T1233,C738,2023-11-03,Clothing,9,4499.02,Wallet
T1234,C674,2023-06-17,Clothing,4,1426.21,Wallet
T1235,C296,2023-10-22,Clothing,7,114.43,Wallet
T1236,C283,2023-03-18,Home & Kitchen,4,2471.62,UPI
T1237,C732,2023-08-01,Clothing,1,2797.03,Wallet
T1238,C935,2023-08-15,Grocery,5,3882.05,Wallet
T1239,C477,2023-06-01,Electronics,8,1257.77,Card
T1240,C770,2023-02-05,Home & Kitchen,10,1526.91,UPI
T1241,C730,2023-09-04,Grocery,5,359.19,Card
T1242,C767,2023-11-08,Toys,7,4863.02,Cash
T1243,C135,2023-01-28,Electronics,4,4350.14,Cash
T1244,C721,2023-03-30,Home & Kitchen,10,4920.3,Card
T1245,C850,2023-04-05,Home & Kitchen,9,2146.86,Cash
T1246,C718,2023-08-25,Electronics,6,4185.73,Cash
T1247,C203,2023-10-17,Clothing,8,4266.3,Cash
T1248,C269,2023-10-19,Toys,4,3058.16,UPI
T1249,C606,2023-08-24,Toys,5,925.13,Card
T1250,C591,2023-06-17,Grocery,1,2482.26,Cash
T1251,C967,2023-07-27,Grocery,10,3812.37,UPI
T1252,C233,2023-11-03,Electronics,3,1239.72,Cash
T1253,C885,2023-02-09,Clothing,5,139.01,Card
T1254,C637,2023-02-16,Grocery,10,3156.64,UPI
T1255,C259,2023-02-11,Home & Kitchen,2,4144.01,Wallet
T1256,C850,2023-11-13,Electronics,7,3679.77,Card
T1257,C334,2023-06-17,Toys,1,1160.94,Cash
T1258,C378,2023-02-16,Personal Care,4,2500.49,UPI
T1259,C394,2023-01-05,Personal Care,5,1530.29,Card
T1260,C278,2023-03-16,Toys,1,4969.87,UPI
T1261,C703,2023-08-19,Personal Care,5,684.04,Card
T1262,C852,2023-03-29,Toys,8,4124.99,UPI
T1263,C845,2023-03-26,Grocery,9,3757.0,Wallet
T1264,C667,2023-03-16,Grocery,6,2914.08,Wallet
T1265,C117,2023-01-09,Clothing,5,389.32,Cash
T1266,C721,2023-12-18,Home & Kitchen,2,500.48,Card
T1267,C354,2023-03-14,Home & Kitchen,5,1103.95,Wallet
T1268,C523,2023-07-24,Clothing,10,3548.91,Card
T1269,C543,2023-05-19,Electronics,4,3655.07,Wallet
T1270,C916,2023-06-07,Grocery,4,534.42,Wallet
T1271,C264,2023-09-23,Electronics,8,3883.72,Cash
T1272,C471,2023-07-07,Clothing,8,136.55,UPI
T1273,C659,2023-11-07,Clothing,1,3969.45,UPI
T1274,C211,2023-07-16,Toys,2,1737.54,Card
T1275,C600,2023-11-03,Grocery,7,233.08,Wallet
T1276,C646,2023-08-17,Personal Care,9,2376.09,Wallet
T1277,C301,2023-12-28,Grocery,2,1862.07,Wallet
T1278,C541,2023-10-23,Home & Kitchen,6,3832.14,Cash
T1279,C230,2023-06-29,Clothing,4,246.87,UPI
T1280,C743,2023-11-04,Personal Care,10,2849.36,Wallet
T1281,C199,2023-05-03,Grocery,7,2350.74,UPI
T1282,C705,2023-12-11,Clothing,10,3250.66,UPI
T1283,C538,2023-08-13,Electronics,7,4835.81,Card
T1284,C551,2023-09-21,Clothing,4,326.65,Wallet
T1285,C896,2023-05-20,Electronics,9,2128.67,Card
T1286,C552,2023-06-15,Personal Care,8,2562.92,Wallet
T1287,C868,2023-12-28,Personal Care,8,3585.58,Cash
T1288,C221,2023-04-14,Clothing,10,2383.07,UPI
T1289,C486,2023-07-02,Toys,1,3393.72,Cash
T1290,C464,2023-05-25,Personal Care,2,1683.88,UPI
T1291,C105,2023-07-26,Clothing,1,2861.62,Cash
T1292,C195,2023-07-21,Electronics,8,3224.75,UPI
T1293,C361,2023-03-07,Toys,9,902.36,UPI
T1294,C135,2023-04-23,Home & Kitchen,4,4525.97,UPI
T1295,C521,2023-02-12,Clothing,8,528.12,Wallet
T1296,C559,2023-01-30,Grocery,1,1326.41,UPI
T1297,C830,2023-09-17,Home & Kitchen,7,4452.6,Card
T1298,C516,2023-07-02,Home & Kitchen,3,4545.32,Cash
T1299,C867,2023-02-26,Toys,8,2339.78,Cash
T1300,C372,2023-08-07,Electronics,5,4522.89,Card
T1301,C577,2023-02-25,Toys,3,1694.29,Cash
T1302,C908,2023-09-09,Toys,6,4929.42,Cash
T1303,C946,2023-09-20,Toys,7,4795.8,Card
T1304,C902,2023-05-19,Toys,10,651.98,Card
T1305,C263,2023-12-03,Personal Care,4,4247.78,UPI
T1306,C409,2023-11-18,Electronics,3,507.84,Card
T1307,C281,2023-04-08,Clothing,5,3459.22,UPI
T1308,C538,2023-12-29,Toys,3,914.4,UPI
T1309,C241,2023-05-11,Home & Kitchen,10,3665.0,Card
T1310,C893,2023-06-23,Personal Care,10,815.75,Cash
T1311,C894,2023-08-31,Home & Kitchen,4,2424.53,UPI
T1312,C908,2023-02-04,Clothing,2,94.08,UPI
T1313,C305,2023-10-09,Electronics,8,1510.6,Cash
T1314,C538,2023-05-14,Grocery,9,2970.32,Wallet
T1315,C109,2023-04-15,Personal Care,7,2132.28,Wallet
T1316,C960,2023-06-16,Electronics,8,3800.02,Wallet
T1317,C127,2023-07-01,Electronics,9,3874.02,Card
T1318,C873,2023-03-27,Personal Care,5,1172.81,UPI
T1319,C715,2023-12-18,Clothing,2,4598.03,Wallet
T1320,C340,2023-05-14,Personal Care,10,2180.65,Card
T1321,C969,2023-10-06,Clothing,7,512.47,UPI
T1322,C740,2023-08-15,Personal Care,1,2391.84,UPI
T1323,C399,2023-06-24,Personal Care,8,100.02,Cash
T1324,C671,2023-05-18,Personal Care,2,1149.23,Cash
T1325,C672,2023-06-16,Clothing,1,4011.5,Wallet
T1326,C262,2023-11-15,Personal Care,3,1400.26,Card
T1327,C656,2023-03-30,Toys,7,1649.92,UPI
T1328,C306,2023-10-11,Clothing,9,4387.79,UPI
T1329,C693,2023-10-26,Grocery,1,4225.62,Cash
T1330,C910,2023-03-15,Electronics,6,2327.72,UPI
T1331,C836,2023-03-01,Toys,1,2893.53,Wallet
T1332,C424,2023-06-19,Grocery,4,4307.7,Wallet
T1333,C619,2023-08-13,Home & Kitchen,9,2948.44,UPI
T1334,C241,2023-10-13,Electronics,5,519.19,UPI
T1335,C231,2023-07-02,Toys,4,1863.94,UPI
T1336,C181,2023-10-24,Home & Kitchen,1,2567.86,Cash
T1337,C304,2023-10-19,Electronics,2,758.2,Cash
T1338,C289,2023-09-05,Home & Kitchen,6,1562.84,Card
T1339,C319,2023-04-22,Clothing,8,602.51,UPI
T1340,C786,2023-06-15,Clothing,3,787.17,Cash
T1341,C309,2023-01-23,Clothing,3,2905.84,UPI
T1342,C354,2023-09-03,Personal Care,4,3860.81,Card
T1343,C489,2023-08-02,Personal Care,1,1419.03,Card
T1344,C977,2023-05-15,Home & Kitchen,6,415.52,Card
T1345,C215,2023-05-12,Electronics,10,4226.15,Cash
T1346,C678,2023-03-15,Toys,10,1742.3,Cash
T1347,C412,2023-09-06,Home & Kitchen,5,229.44,Wallet
T1348,C425,2023-03-19,Clothing,3,227.28,UPI
T1349,C963,2023-01-05,Home & Kitchen,9,2599.92,Card
T1350,C625,2023-06-17,Clothing,1,1452.24,Wallet
T1351,C929,2023-01-07,Clothing,8,1542.4,Wallet
T1352,C168,2023-04-15,Personal Care,8,2102.63,Card
T1353,C729,2023-11-15,Electronics,9,1572.38,Wallet
T1354,C806,2023-05-20,Personal Care,9,3512.2,Cash
T1355,C548,2023-10-16,Personal Care,2,3718.74,Card
T1356,C476,2023-02-05,Home & Kitchen,3,2295.26,UPI
T1357,C788,2023-12-31,Toys,3,1469.02,UPI
T1358,C612,2023-06-29,Electronics,10,4025.6,UPI
T1359,C928,2023-02-24,Toys,6,2507.24,UPI
T1360,C914,2023-02-24,Home & Kitchen,9,3416.87,UPI
T1361,C587,2023-11-17,Home & Kitchen,1,1219.63,Wallet
T1362,C686,2023-01-04,Clothing,5,3365.57,Card
T1363,C772,2023-02-28,Grocery,4,184.32,UPI
T1364,C394,2023-01-30,Electronics,2,1464.0,Wallet
T1365,C110,2023-10-09,Toys,2,1273.19,Card
T1366,C659,2023-10-03,Home & Kitchen,2,851.5,UPI
T1367,C561,2023-02-17,Clothing,1,1392.49,Wallet
T1368,C400,2023-10-09,Electronics,10,1343.22,Wallet
T1369,C445,2023-03-25,Home & Kitchen,8,3238.71,UPI
T1370,C619,2023-08-15,Toys,1,3130.85,Card
T1371,C402,2023-01-13,Electronics,1,4981.78,Card
T1372,C922,2023-09-29,Grocery,3,1758.08,Card
T1373,C402,2023-10-04,Clothing,8,252.22,Card
T1374,C500,2023-09-05,Clothing,5,1122.34,UPI
T1375,C108,2023-04-10,Electronics,4,1235.68,Cash
T1376,C553,2023-05-09,Electronics,1,3273.45,Cash
T1377,C497,2023-01-17,Toys,5,3743.41,Card
T1378,C324,2023-12-13,Grocery,5,1496.24,UPI
T1379,C587,2023-09-20,Clothing,6,4986.89,Cash
T1380,C691,2023-07-04,Home & Kitchen,4,4402.14,Card
T1381,C676,2023-09-09,Clothing,4,830.32,Cash
T1382,C503,2023-04-07,Electronics,9,3744.75,Card
T1383,C805,2023-03-15,Toys,10,102.68,Wallet
T1384,C503,2023-03-21,Toys,4,437.63,Card
T1385,C977,2023-03-31,Toys,5,245.07,UPI
T1386,C915,2023-11-02,Grocery,9,4777.57,UPI
T1387,C548,2023-05-24,Home & Kitchen,9,1362.7,UPI
T1388,C264,2023-09-19,Home & Kitchen,1,4793.09,UPI
T1389,C722,2023-04-01,Toys,1,2026.64,Cash
T1390,C710,2023-05-22,Electronics,10,4289.48,Wallet
T1391,C109,2023-12-10,Home & Kitchen,1,4524.88,UPI
T1392,C117,2023-04-26,Home & Kitchen,8,597.76,Wallet
T1393,C142,2023-09-13,Personal Care,6,1421.38,Card
T1394,C361,2023-12-31,Toys,7,1574.21,UPI
T1395,C785,2023-07-17,Clothing,6,3217.35,Card
T1396,C756,2023-11-10,Clothing,3,1813.39,Wallet
T1397,C749,2023-07-08,Toys,7,2826.29,Cash
T1398,C645,2023-05-24,Electronics,5,4322.18,Card
T1399,C636,2023-02-16,Grocery,5,232.57,Cash
T1400,C883,2023-05-12,Home & Kitchen,2,4550.53,Wallet
T1401,C442,2023-12-15,Grocery,4,543.32,UPI
T1402,C169,2023-05-26,Toys,7,3354.4,Wallet
T1403,C579,2023-04-29,Clothing,9,3781.31,Cash
T1404,C464,2023-04-24,Personal Care,8,3361.76,UPI
T1405,C537,2023-04-24,Grocery,9,3946.69,Wallet
T1406,C491,2023-09-22,Electronics,3,1023.8,Wallet
T1407,C230,2023-01-15,Toys,9,1915.67,Cash
T1408,C388,2023-02-04,Grocery,4,896.08,Card
T1409,C716,2023-06-01,Grocery,10,4354.42,Card
T1410,C131,2023-05-17,Grocery,7,2027.53,Card
T1411,C433,2023-02-14,Personal Care,10,4510.71,Cash
T1412,C155,2023-10-15,Grocery,1,1444.71,Card
T1413,C119,2023-02-12,Toys,4,1728.2,Cash
T1414,C203,2023-07-08,Home & Kitchen,6,4778.56,Wallet
T1415,C457,2023-03-28,Clothing,8,3757.08,Card
T1416,C556,2023-04-23,Electronics,3,4305.06,UPI
T1417,C919,2023-09-28,Clothing,8,4901.35,Wallet
T1418,C160,2023-09-05,Toys,6,1686.64,Card
T1419,C184,2023-11-02,Personal Care,10,1798.67,Cash
T1420,C514,2023-08-29,Toys,8,4302.49,Card
T1421,C305,2023-07-05,Personal Care,6,3536.92,Cash
T1422,C356,2023-10-14,Clothing,3,866.0,Wallet
T1423,C300,2023-03-06,Grocery,8,1489.28,Cash
T1424,C854,2023-03-04,Toys,10,3257.19,Cash
T1425,C338,2023-01-24,Toys,10,1877.37,Wallet
T1426,C820,2023-08-16,Clothing,4,3284.05,Wallet
T1427,C409,2023-06-01,Grocery,6,2752.02,Cash
T1428,C352,2023-02-19,Clothing,9,2091.5,Card
T1429,C857,2023-08-08,Personal Care,5,1473.7,Card
T1430,C160,2023-09-08,Toys,10,4707.04,Cash
T1431,C242,2023-08-03,Clothing,10,1595.33,Cash
T1432,C704,2023-01-02,Clothing,3,2788.5,Card
T1433,C549,2023-07-05,Electronics,7,4611.09,UPI
T1434,C408,2023-03-12,Home & Kitchen,6,3016.76,Cash
T1435,C178,2023-12-31,Home & Kitchen,3,3696.33,Wallet
T1436,C714,2023-10-01,Home & Kitchen,7,4523.86,Cash
T1437,C624,2023-08-27,Electronics,4,1781.65,UPI
T1438,C834,2023-04-14,Home & Kitchen,6,4205.58,Cash
T1439,C296,2023-08-31,Electronics,9,3650.66,Card
T1440,C374,2023-10-30,Electronics,4,3593.52,Cash
T1441,C186,2023-12-20,Home & Kitchen,5,3741.73,Cash
T1442,C722,2023-01-19,Clothing,5,1686.73,UPI
T1443,C279,2023-03-31,Toys,9,4895.32,Card
T1444,C960,2023-12-17,Electronics,7,4201.77,Wallet
T1445,C776,2023-12-07,Clothing,9,455.26,Wallet
T1446,C168,2023-10-30,Electronics,1,1094.93,Cash
T1447,C441,2023-10-06,Clothing,7,3189.52,Cash
T1448,C893,2023-11-07,Grocery,1,1490.51,Card
T1449,C792,2023-08-16,Toys,6,1129.71,Cash
T1450,C555,2023-01-11,Personal Care,7,1416.56,UPI
T1451,C111,2023-08-10,Home & Kitchen,6,4513.9,UPI
T1452,C396,2023-01-31,Toys,10,3828.15,Card
T1453,C940,2023-02-27,Toys,2,2902.21,UPI
T1454,C952,2023-04-05,Home & Kitchen,2,4072.09,UPI
T1455,C443,2023-10-03,Home & Kitchen,8,787.12,Cash
T1456,C557,2023-03-31,Electronics,10,259.51,Card
T1457,C935,2023-03-21,Personal Care,7,1012.75,Cash
T1458,C437,2023-07-01,Electronics,9,2619.9,Cash
T1459,C260,2023-10-17,Grocery,4,1679.69,Card
T1460,C308,2023-06-29,Clothing,5,1490.78,Wallet
T1461,C417,2023-05-31,Toys,3,4677.81,UPI
T1462,C587,2023-12-06,Toys,7,4473.21,UPI
T1463,C357,2023-01-13,Toys,5,553.13,Card
T1464,C912,2023-05-09,Clothing,6,2474.51,Cash
T1465,C733,2023-11-16,Toys,8,67.77,Cash
T1466,C160,2023-09-19,Toys,8,891.19,Card
T1467,C723,2024-01-01,Home & Kitchen,8,1164.59,Cash
T1468,C177,2023-04-12,Home & Kitchen,5,4400.12,Cash
T1469,C633,2023-07-14,Clothing,3,2847.65,UPI
T1470,C917,2023-12-07,Home & Kitchen,9,737.72,Card
T1471,C581,2023-06-09,Electronics,7,2239.34,UPI
T1472,C525,2023-12-25,Clothing,3,4291.12,Cash
T1473,C970,2023-10-04,Clothing,2,745.78,Card
T1474,C473,2023-07-23,Toys,1,4761.72,Cash
T1475,C754,2023-01-12,Personal Care,6,3449.1,UPI
T1476,C401,2023-03-04,Toys,8,1626.82,Card
T1477,C303,2023-03-10,Toys,7,4671.52,Card
T1478,C983,2023-03-31,Home & Kitchen,9,4889.35,Cash
T1479,C675,2023-07-26,Home & Kitchen,7,3082.1,Wallet
T1480,C718,2023-01-05,Toys,9,1575.88,UPI
T1481,C248,2023-04-16,Grocery,2,2793.25,UPI
T1482,C782,2023-09-26,Clothing,9,2596.78,UPI
T1483,C563,2023-07-24,Grocery,10,634.63,Cash
T1484,C109,2023-04-26,Home & Kitchen,10,2074.29,UPI
T1485,C695,2023-07-26,Toys,10,3916.07,Card
T1486,C568,2023-11-18,Electronics,8,2375.2,UPI
T1487,C738,2023-07-27,Personal Care,7,1897.41,Wallet
T1488,C472,2023-05-30,Grocery,4,2039.02,Card
T1489,C355,2023-04-20,Clothing,3,3851.12,Cash
T1490,C763,2023-04-06,Personal Care,6,1440.37,Card
T1491,C334,2023-02-13,Grocery,2,2743.05,Card
T1492,C923,2023-05-29,Toys,7,339.86,Card
T1493,C945,2023-03-03,Clothing,9,2115.23,Card
T1494,C115,2023-04-01,Personal Care,7,3648.19,Cash
T1495,C932,2023-01-02,Home & Kitchen,5,3798.5,UPI
T1496,C317,2023-12-14,Toys,6,3009.71,Wallet
T1497,C226,2023-06-15,Toys,8,521.21,Wallet
T1498,C535,2023-03-10,Personal Care,8,3244.41,UPI
T1499,C426,2023-03-11,Personal Care,3,1618.87,UPI
T1500,C422,2023-07-20,Toys,7,3459.18,Cash
T1501,C176,2023-07-25,Toys,1,2107.8,Wallet
T1502,C520,2023-07-06,Personal Care,2,3723.67,Card
T1503,C607,2023-11-13,Home & Kitchen,2,2953.12,UPI
T1504,C576,2023-04-01,Electronics,4,1140.02,Wallet
T1505,C155,2023-08-27,Toys,1,3977.96,Card
T1506,C206,2023-02-15,Personal Care,9,3659.53,Wallet
T1507,C412,2023-05-18,Home & Kitchen,1,1303.14,Wallet
T1508,C692,2023-04-01,Toys,3,1061.31,UPI
T1509,C130,2023-06-27,Electronics,8,1878.94,UPI
T1510,C558,2023-01-05,Personal Care,1,2856.37,UPI
T1511,C235,2023-10-09,Toys,10,4282.1,Card
T1512,C867,2023-02-26,Personal Care,2,1808.18,Card
T1513,C920,2023-02-25,Grocery,7,1014.52,Cash
T1514,C861,2023-10-16,Toys,3,1607.74,Cash
T1515,C407,2023-02-24,Personal Care,1,1080.63,Wallet
T1516,C488,2023-03-12,Personal Care,4,3775.22,Cash
T1517,C818,2023-02-18,Clothing,7,1223.86,Wallet
T1518,C296,2023-07-15,Clothing,9,4580.32,Cash
T1519,C988,2023-07-03,Personal Care,1,4453.17,Card
T1520,C460,2023-04-13,Toys,3,1779.65,Cash
T1521,C657,2023-11-03,Grocery,2,1794.88,Wallet
T1522,C241,2023-06-05,Personal Care,1,510.64,Cash
T1523,C710,2023-08-18,Home & Kitchen,4,3390.3,Wallet
T1524,C429,2023-02-07,Personal Care,2,3432.75,Cash
T1525,C533,2023-12-04,Clothing,5,4900.27,Wallet
T1526,C177,2023-09-23,Grocery,2,2858.51,Card
T1527,C999,2023-02-28,Grocery,3,1436.27,Wallet
T1528,C357,2023-05-11,Clothing,5,1967.52,Card
T1529,C648,2023-08-14,Grocery,10,4986.94,UPI
T1530,C600,2023-02-07,Toys,9,4458.57,Cash
T1531,C411,2023-09-20,Grocery,5,2090.86,Cash
T1532,C611,2023-08-18,Grocery,7,4985.64,Cash
T1533,C232,2023-10-11,Electronics,8,1047.3,Card
T1534,C981,2023-12-11,Clothing,6,4911.78,Wallet
T1535,C991,2023-06-24,Electronics,10,3468.86,Card
T1536,C536,2023-11-24,Personal Care,6,3336.3,Cash
T1537,C364,2023-06-27,Personal Care,5,2838.99,UPI
T1538,C535,2023-08-14,Clothing,8,2274.46,Card
T1539,C830,2023-07-30,Clothing,5,4777.81,Cash
T1540,C727,2023-04-08,Personal Care,8,4737.1,Cash
T1541,C127,2023-09-02,Grocery,5,1642.85,Cash
T1542,C809,2023-12-28,Toys,4,2350.37,UPI
T1543,C908,2023-06-27,Clothing,2,3577.15,Card
T1544,C755,2023-11-11,Electronics,5,2681.76,Card
T1545,C826,2023-06-17,Toys,1,3283.95,Card
T1546,C642,2023-05-31,Grocery,4,3675.08,UPI
T1547,C796,2023-08-28,Grocery,7,1201.4,UPI
T1548,C295,2023-07-29,Grocery,2,1333.7,Wallet
T1549,C106,2023-02-28,Clothing,3,4045.22,Card
T1550,C335,2023-01-27,Grocery,9,4503.53,Cash
T1551,C363,2023-04-26,Personal Care,7,974.59,Wallet
T1552,C863,2023-06-16,Home & Kitchen,4,4710.75,Card
T1553,C980,2023-05-14,Home & Kitchen,4,280.1,Card
T1554,C305,2023-05-05,Clothing,7,102.89,Card
T1555,C748,2023-09-17,Personal Care,2,2244.68,Cash
T1556,C723,2023-03-22,Personal Care,4,1864.35,Cash
T1557,C638,2023-08-07,Toys,2,1078.07,UPI
T1558,C464,2023-07-31,Electronics,7,1262.65,Wallet
T1559,C771,2023-11-02,Clothing,8,649.8,Wallet
T1560,C421,2023-01-10,Toys,3,737.91,Wallet
T1561,C819,2023-09-14,Home & Kitchen,9,234.65,UPI
T1562,C550,2023-10-11,Clothing,1,4758.38,UPI
T1563,C904,2023-02-10,Clothing,5,3504.17,Wallet
T1564,C667,2023-04-22,Clothing,9,4449.76,Card
T1565,C298,2023-04-28,Home & Kitchen,7,2719.51,Cash
T1566,C278,2023-06-16,Clothing,3,4981.1,Cash
T1567,C740,2023-01-31,Electronics,7,2579.01,Card
T1568,C456,2023-04-27,Toys,7,747.42,Card
T1569,C997,2023-12-19,Electronics,1,2962.64,UPI
T1570,C911,2023-04-13,Personal Care,5,4521.25,Wallet
T1571,C404,2023-03-07,Electronics,6,1538.63,Cash
T1572,C446,2023-04-15,Clothing,2,514.74,UPI
T1573,C474,2023-08-29,Electronics,5,3820.52,UPI
T1574,C991,2023-09-29,Personal Care,9,3956.55,UPI
T1575,C883,2023-12-08,Clothing,5,100.36,UPI
T1576,C772,2023-09-15,Personal Care,7,4295.8,Cash
T1577,C878,2023-01-21,Clothing,2,549.83,Card
T1578,C597,2023-06-07,Personal Care,10,3126.95,Wallet
T1579,C351,2023-08-17,Clothing,8,4444.84,Card
T1580,C241,2023-04-27,Home & Kitchen,3,473.66,Wallet
T1581,C689,2023-05-09,Toys,6,4306.16,Wallet
T1582,C237,2023-03-14,Clothing,8,2491.81,Wallet
T1583,C544,2023-10-01,Electronics,4,3317.06,Wallet
T1584,C511,2023-04-04,Toys,6,2516.38,UPI
T1585,C610,2023-10-03,Clothing,4,2498.07,Cash
T1586,C660,2023-04-26,Toys,1,4669.32,UPI
T1587,C637,2023-01-13,Toys,7,1615.12,Wallet
T1588,C560,2023-01-02,Toys,2,834.96,Wallet
T1589,C888,2023-07-02,Grocery,7,3851.71,Card
T1590,C189,2023-04-25,Grocery,2,2584.87,Card
T1591,C826,2023-03-14,Electronics,6,1046.41,Wallet
T1592,C418,2023-11-11,Electronics,3,1776.17,Cash
T1593,C510,2023-04-19,Toys,5,4789.73,Wallet
T1594,C350,2023-05-25,Home & Kitchen,1,4764.55,Card
T1595,C869,2023-06-16,Personal Care,5,3085.22,Card
T1596,C772,2023-10-09,Electronics,9,933.56,Card
T1597,C410,2023-03-27,Home & Kitchen,1,2827.73,Wallet
T1598,C431,2023-11-07,Personal Care,4,3178.92,Wallet
T1599,C413,2023-02-18,Personal Care,5,1365.96,UPI
T1600,C121,2023-12-13,Personal Care,10,3664.13,UPI
T1601,C549,2023-03-11,Home & Kitchen,1,3466.47,Card
T1602,C792,2023-04-23,Home & Kitchen,3,143.37,Card
T1603,C719,2023-09-20,Electronics,5,3253.67,Card
T1604,C304,2023-09-16,Clothing,8,3782.42,UPI
T1605,C401,2023-04-29,Toys,2,501.32,Wallet
T1606,C503,2023-07-29,Grocery,5,4615.27,Cash
T1607,C149,2023-11-02,Grocery,3,279.34,Wallet
T1608,C922,2023-05-29,Clothing,2,1544.53,UPI
T1609,C990,2023-08-27,Clothing,7,4677.85,Wallet
T1610,C813,2023-02-26,Home & Kitchen,1,4767.99,Card
T1611,C866,2023-11-05,Home & Kitchen,10,2063.52,UPI
T1612,C432,2023-09-20,Grocery,9,3573.24,UPI
T1613,C382,2023-01-06,Personal Care,7,3416.49,Wallet
T1614,C545,2023-04-15,Personal Care,5,446.49,Wallet
T1615,C944,2023-08-12,Toys,5,438.78,Cash
T1616,C967,2023-01-18,Home & Kitchen,9,2329.24,Wallet
T1617,C294,2023-08-08,Personal Care,6,4857.53,Card
T1618,C965,2023-01-17,Personal Care,8,2457.98,Wallet
T1619,C380,2023-05-24,Toys,9,4933.61,Card
T1620,C686,2023-08-03,Personal Care,1,725.8,Wallet
T1621,C639,2023-11-26,Toys,3,4746.1,Wallet
T1622,C501,2023-07-15,Electronics,3,2251.79,UPI
T1623,C891,2023-03-29,Electronics,9,1781.74,Cash
T1624,C975,2023-07-23,Personal Care,4,4911.3,Wallet
T1625,C153,2023-04-12,Grocery,8,1737.17,Card
T1626,C859,2023-02-19,Grocery,9,4298.76,Wallet
T1627,C403,2023-12-14,Personal Care,2,483.78,Card
T1628,C851,2023-09-14,Electronics,6,577.1,Wallet
T1629,C739,2023-05-24,Home & Kitchen,8,102.07,Cash
T1630,C791,2023-06-21,Grocery,4,3696.25,UPI
T1631,C813,2023-05-22,Clothing,5,2016.52,Wallet
T1632,C960,2023-09-16,Personal Care,9,1474.25,UPI
T1633,C383,2023-04-16,Electronics,4,3635.91,Cash
T1634,C829,2023-09-07,Personal Care,2,350.78,UPI
T1635,C305,2023-04-05,Clothing,2,1139.67,Wallet
T1636,C660,2023-10-01,Grocery,6,1581.33,Wallet
T1637,C540,2023-09-08,Grocery,10,477.42,Wallet
T1638,C248,2023-01-30,Personal Care,6,1623.21,Card
T1639,C378,2023-06-13,Toys,7,3146.89,Wallet
T1640,C624,2023-10-27,Home & Kitchen,7,3931.65,UPI
T1641,C523,2023-09-25,Grocery,10,2400.21,UPI
T1642,C712,2023-08-31,Electronics,9,1849.98,UPI
T1643,C175,2023-11-24,Home & Kitchen,4,3372.72,UPI
T1644,C312,2023-10-30,Electronics,9,2779.59,Wallet
T1645,C876,2023-11-06,Home & Kitchen,10,2934.63,Card
T1646,C250,2023-04-18,Personal Care,4,2048.98,Wallet
T1647,C555,2023-09-01,Toys,8,2710.24,Card
T1648,C347,2023-01-09,Home & Kitchen,4,2065.58,Wallet
T1649,C595,2023-06-23,Toys,7,2391.7,Card
T1650,C683,2023-06-28,Personal Care,1,741.22,Card
T1651,C304,2023-10-29,Personal Care,8,4720.53,UPI
T1652,C651,2023-12-24,Clothing,1,1447.7,Card
T1653,C932,2023-05-11,Home & Kitchen,4,2456.32,UPI
T1654,C883,2023-02-02,Clothing,9,3061.39,UPI
T1655,C714,2023-10-16,Personal Care,9,1671.82,Cash
T1656,C604,2023-10-29,Clothing,8,538.38,Cash
T1657,C936,2023-10-12,Electronics,7,2050.4,Wallet
T1658,C137,2023-11-18,Personal Care,7,3673.03,Wallet
T1659,C413,2023-04-30,Personal Care,7,307.72,UPI
T1660,C221,2023-08-10,Personal Care,1,3882.74,UPI
T1661,C595,2023-10-18,Personal Care,6,4911.63,Cash
T1662,C470,2023-05-28,Clothing,2,875.17,Card
T1663,C672,2023-09-19,Grocery,9,3790.12,Card
T1664,C973,2023-04-10,Toys,2,2601.68,Card
T1665,C206,2023-12-29,Personal Care,5,4211.58,UPI
T1666,C911,2023-08-25,Clothing,3,759.54,Wallet
T1667,C932,2023-12-05,Toys,5,1400.36,UPI
T1668,C482,2023-09-14,Toys,5,2037.91,UPI
T1669,C821,2023-01-08,Clothing,7,1262.74,Wallet
T1670,C421,2023-12-12,Grocery,1,1473.61,Cash
T1671,C722,2023-05-15,Toys,6,1168.08,Wallet
T1672,C662,2023-09-17,Personal Care,3,4052.9,UPI
T1673,C494,2023-03-01,Grocery,3,1509.3,Cash
T1674,C559,2023-09-28,Grocery,10,4650.07,Card
T1675,C648,2023-07-22,Toys,8,1841.31,UPI
T1676,C979,2023-05-01,Home & Kitchen,2,4387.11,Wallet
T1677,C485,2023-12-31,Grocery,9,1119.0,Card
T1678,C842,2023-11-30,Clothing,10,2412.77,Card
T1679,C695,2023-08-31,Clothing,10,1654.38,Card
T1680,C781,2023-03-28,Personal Care,4,134.06,Wallet
T1681,C660,2023-01-17,Grocery,2,4914.77,Wallet
T1682,C148,2023-10-25,Clothing,8,4484.51,Cash
T1683,C392,2023-05-05,Grocery,4,689.19,Card
T1684,C481,2023-08-27,Toys,5,441.75,Card
T1685,C917,2023-07-29,Grocery,9,729.55,UPI
T1686,C246,2023-02-23,Home & Kitchen,2,4476.48,Cash
T1687,C305,2023-04-08,Toys,8,3723.54,UPI
T1688,C722,2023-12-03,Grocery,9,2246.68,Card
T1689,C398,2023-08-26,Grocery,10,1537.69,UPI
T1690,C960,2023-03-08,Clothing,8,2820.04,Wallet
T1691,C572,2023-06-09,Clothing,10,168.64,Card
T1692,C969,2023-01-20,Clothing,4,1616.87,UPI
T1693,C448,2023-02-11,Toys,10,1974.71,Card
T1694,C210,2023-02-13,Electronics,10,2497.38,Wallet
T1695,C274,2023-06-12,Toys,5,169.49,Cash
T1696,C958,2023-09-12,Home & Kitchen,9,3596.0,Card
T1697,C525,2023-05-05,Electronics,2,3394.26,Card
T1698,C345,2023-07-26,Personal Care,6,1277.62,Wallet
T1699,C348,2023-09-11,Toys,10,3199.63,Wallet
T1700,C202,2023-08-20,Personal Care,6,2572.91,Card
T1701,C313,2023-01-16,Clothing,6,759.18,Wallet
T1702,C448,2023-03-27,Toys,1,670.28,Wallet
T1703,C108,2023-05-26,Electronics,1,2784.63,Wallet
T1704,C305,2023-10-23,Personal Care,5,2594.65,UPI
T1705,C462,2023-03-06,Electronics,2,1957.74,UPI
T1706,C646,2023-12-02,Clothing,8,1160.37,Wallet
T1707,C762,2023-08-05,Clothing,4,3783.56,Card
T1708,C890,2023-07-27,Personal Care,4,1190.45,Wallet
T1709,C685,2023-10-13,Grocery,1,2604.5,Card
T1710,C132,2023-02-08,Home & Kitchen,8,663.45,Card
T1711,C755,2023-02-16,Grocery,3,3704.28,Wallet
T1712,C636,2023-07-15,Toys,7,992.5,UPI
T1713,C408,2023-10-23,Personal Care,6,2570.91,UPI
T1714,C592,2023-10-29,Electronics,4,706.72,Wallet
T1715,C784,2023-07-13,Electronics,5,4893.63,Wallet
T1716,C197,2023-12-27,Home & Kitchen,9,4093.08,Wallet
T1717,C995,2023-08-27,Toys,9,1164.92,UPI
T1718,C398,2023-06-04,Personal Care,5,4316.52,Cash
T1719,C258,2023-03-22,Electronics,8,1803.1,Wallet
T1720,C467,2023-05-17,Personal Care,3,1633.53,Wallet
T1721,C194,2023-01-22,Personal Care,5,1147.95,Card
T1722,C261,2023-04-19,Grocery,9,2007.87,Card
T1723,C368,2023-08-18,Home & Kitchen,9,2581.19,Card
T1724,C139,2023-06-25,Clothing,5,86.7,Wallet
T1725,C764,2023-07-16,Clothing,8,2658.56,UPI
T1726,C989,2023-06-03,Clothing,10,2230.86,Wallet
T1727,C128,2024-01-01,Toys,10,3123.92,UPI
T1728,C184,2023-01-01,Electronics,7,3384.33,Wallet
T1729,C525,2023-03-24,Home & Kitchen,9,1572.25,Card
T1730,C348,2023-02-20,Home & Kitchen,8,600.4,Wallet
T1731,C413,2023-09-08,Clothing,10,3969.7,UPI
T1732,C444,2023-12-26,Toys,10,1612.76,Wallet
T1733,C322,2023-02-09,Grocery,2,300.06,Wallet
T1734,C644,2023-07-17,Electronics,2,156.89,UPI
T1735,C763,2023-05-28,Grocery,1,634.99,Cash
T1736,C625,2023-01-10,Electronics,6,3865.59,Card
T1737,C983,2023-03-24,Grocery,1,4139.18,UPI
T1738,C768,2023-01-28,Clothing,1,4143.8,UPI
T1739,C111,2023-08-07,Toys,9,4273.36,Card
T1740,C194,2023-01-18,Clothing,4,4088.2,Cash
T1741,C813,2023-12-04,Personal Care,8,2045.77,Card
T1742,C392,2023-07-18,Grocery,8,1492.55,Cash
T1743,C819,2023-02-14,Clothing,3,1396.82,Wallet
T1744,C206,2023-08-23,Electronics,1,2340.45,Card
T1745,C313,2023-11-19,Grocery,6,2258.37,Card
T1746,C209,2023-04-26,Personal Care,4,940.97,Wallet
T1747,C839,2023-02-15,Grocery,9,1009.48,Card
T1748,C478,2023-12-04,Home & Kitchen,2,3141.58,UPI
T1749,C274,2023-01-26,Toys,6,4781.23,UPI
T1750,C430,2023-08-01,Electronics,1,3873.17,UPI
T1751,C417,2023-05-30,Grocery,5,2797.52,Wallet
T1752,C368,2023-08-18,Toys,9,2455.03,Wallet
T1753,C559,2023-01-25,Toys,1,4256.98,UPI
T1754,C126,2023-05-07,Personal Care,10,4180.76,Cash
T1755,C705,2023-03-10,Electronics,1,218.6,Cash
T1756,C162,2023-09-14,Home & Kitchen,4,4939.83,Wallet
T1757,C692,2023-03-12,Electronics,10,4064.33,UPI
T1758,C238,2023-11-01,Electronics,8,4060.12,Wallet
T1759,C364,2023-08-31,Grocery,7,4426.86,Wallet
T1760,C581,2023-01-27,Personal Care,8,529.02,Card
T1761,C847,2023-03-26,Toys,6,2269.01,Card
T1762,C319,2023-06-18,Clothing,8,2648.23,Cash
T1763,C214,2023-07-07,Clothing,6,2033.15,Cash
T1764,C331,2023-04-11,Grocery,2,4757.24,Wallet
T1765,C126,2023-04-11,Electronics,7,78.31,Card
T1766,C331,2023-04-10,Toys,4,1610.0,Card
T1767,C144,2023-06-14,Home & Kitchen,4,162.91,UPI
T1768,C562,2023-09-21,Home & Kitchen,4,1630.28,Wallet
T1769,C395,2023-03-28,Electronics,10,3292.5,Card
T1770,C497,2023-11-02,Grocery,1,3813.73,UPI
T1771,C302,2023-12-22,Home & Kitchen,2,571.1,Card
T1772,C170,2023-12-10,Electronics,6,1948.06,Wallet
T1773,C488,2023-08-12,Grocery,4,3571.7,Cash
T1774,C568,2023-06-22,Electronics,7,1037.55,UPI
T1775,C420,2023-01-04,Toys,6,220.31,Card
T1776,C916,2023-10-07,Home & Kitchen,2,2952.68,Cash
T1777,C486,2023-07-14,Clothing,3,3154.7,Wallet
T1778,C601,2023-06-03,Toys,1,4063.29,Wallet
T1779,C129,2023-06-27,Toys,7,2752.75,Card
T1780,C885,2023-06-12,Home & Kitchen,10,3997.58,Cash
T1781,C779,2023-02-17,Electronics,9,3725.12,Cash
T1782,C252,2023-03-28,Home & Kitchen,5,3853.5,UPI
T1783,C886,2023-01-11,Clothing,7,4568.39,Wallet
T1784,C701,2023-09-01,Home & Kitchen,4,4513.25,UPI
T1785,C838,2023-03-27,Personal Care,8,2909.07,Cash
T1786,C541,2023-06-13,Personal Care,9,2411.6,UPI
T1787,C764,2023-06-18,Grocery,8,2047.61,Card
T1788,C125,2023-06-02,Clothing,4,2579.88,Card
T1789,C533,2023-06-20,Toys,4,2999.41,UPI
T1790,C389,2023-05-22,Home & Kitchen,10,2628.65,Wallet
T1791,C388,2023-03-16,Clothing,5,157.16,Wallet
T1792,C513,2023-04-06,Personal Care,7,3448.69,UPI
T1793,C411,2023-12-10,Clothing,7,1229.07,UPI
T1794,C396,2023-12-23,Personal Care,6,2308.23,Card
T1795,C243,2023-03-22,Toys,4,1138.95,UPI
T1796,C914,2023-08-17,Home & Kitchen,10,2086.56,UPI
T1797,C938,2023-03-20,Electronics,2,1795.73,UPI
T1798,C999,2023-05-18,Electronics,4,666.37,UPI
T1799,C958,2023-03-16,Electronics,3,4687.0,Wallet
T1800,C400,2023-10-07,Electronics,10,3170.88,UPI
T1801,C419,2023-08-13,Clothing,6,2483.34,Card
T1802,C961,2023-01-13,Electronics,2,2765.36,Card
T1803,C204,2023-09-15,Electronics,3,2960.5,UPI
T1804,C314,2023-07-28,Grocery,1,3801.92,Wallet
T1805,C548,2023-02-13,Clothing,7,273.43,UPI
T1806,C287,2023-04-05,Electronics,5,1683.89,Cash
T1807,C808,2023-09-24,Toys,6,668.05,Wallet
T1808,C647,2023-12-13,Clothing,5,1777.68,Card
T1809,C726,2023-11-18,Grocery,7,90.04,UPI
T1810,C203,2023-03-09,Home & Kitchen,3,1606.88,Card
T1811,C873,2023-11-30,Toys,8,3439.71,Cash
T1812,C608,2023-07-21,Electronics,10,2732.35,Cash
T1813,C475,2023-02-12,Toys,7,1577.04,UPI
T1814,C282,2023-01-01,Electronics,6,3080.68,Cash
T1815,C368,2023-09-16,Toys,5,4593.57,UPI
T1816,C284,2023-03-25,Toys,8,1378.28,Cash
T1817,C122,2023-03-27,Electronics,2,4282.61,UPI
T1818,C795,2023-05-04,Grocery,1,2436.42,Card
T1819,C745,2023-08-21,Home & Kitchen,10,4380.75,Cash
T1820,C836,2023-03-25,Personal Care,5,4431.87,UPI
T1821,C944,2023-10-03,Grocery,3,1185.96,Cash
T1822,C542,2023-08-15,Toys,3,2318.9,Cash
T1823,C355,2023-05-15,Electronics,7,1889.63,Cash
T1824,C360,2023-07-19,Electronics,4,4324.52,Card
T1825,C744,2023-08-17,Personal Care,3,1985.73,Cash
T1826,C721,2023-09-07,Home & Kitchen,2,316.72,Wallet
T1827,C616,2023-10-03,Grocery,6,1004.0,Cash
T1828,C640,2023-09-29,Grocery,2,4919.28,Card
T1829,C121,2023-05-13,Clothing,8,4806.38,UPI
T1830,C882,2023-04-07,Toys,6,2868.96,Card
T1831,C924,2023-01-23,Personal Care,2,4413.54,UPI
T1832,C990,2023-10-25,Home & Kitchen,10,4677.63,UPI
T1833,C882,2023-08-04,Grocery,9,844.16,Wallet
T1834,C193,2023-06-22,Electronics,5,4123.17,Card
T1835,C195,2023-08-18,Electronics,6,912.94,Cash
T1836,C498,2023-02-28,Personal Care,3,3744.43,Cash
T1837,C961,2023-02-12,Home & Kitchen,7,829.31,Cash
T1838,C103,2023-12-20,Clothing,1,4648.94,UPI
T1839,C262,2023-12-09,Personal Care,3,3472.37,UPI
T1840,C623,2023-02-18,Home & Kitchen,3,4624.6,Card
T1841,C253,2023-05-02,Grocery,4,3217.82,UPI
T1842,C902,2023-09-30,Home & Kitchen,2,3809.11,Wallet
T1843,C154,2023-12-04,Home & Kitchen,1,4315.79,UPI
T1844,C170,2023-05-31,Clothing,8,988.99,UPI
T1845,C801,2023-05-16,Personal Care,2,3643.2,Card
T1846,C857,2023-04-11,Grocery,2,971.4,Card
T1847,C172,2023-09-06,Toys,8,789.38,UPI
T1848,C510,2023-09-30,Toys,1,4295.69,Wallet
T1849,C569,2023-01-31,Electronics,4,352.85,Cash
T1850,C617,2023-09-30,Personal Care,7,4851.92,Wallet
T1851,C959,2023-03-03,Personal Care,4,2698.86,Card
T1852,C914,2023-02-02,Personal Care,3,2161.83,Card
T1853,C184,2023-06-27,Personal Care,5,3529.32,UPI
T1854,C167,2023-05-19,Toys,10,1665.43,Cash
T1855,C514,2023-09-21,Personal Care,7,4751.38,UPI
T1856,C375,2023-11-27,Home & Kitchen,7,3365.31,Cash
T1857,C860,2023-09-20,Home & Kitchen,6,2310.26,Card
T1858,C763,2023-06-03,Home & Kitchen,4,4073.66,UPI
T1859,C449,2023-11-14,Toys,2,152.46,Card
T1860,C963,2023-10-09,Toys,1,1552.57,Wallet
T1861,C161,2023-05-25,Grocery,5,3788.87,Card
T1862,C116,2023-06-07,Toys,8,2951.81,Card
T1863,C143,2023-06-19,Personal Care,9,4575.94,Card
T1864,C228,2023-02-06,Electronics,2,2172.13,UPI
T1865,C940,2023-03-08,Home & Kitchen,1,4917.54,UPI
T1866,C409,2023-12-08,Clothing,5,556.89,Wallet
T1867,C359,2023-01-30,Home & Kitchen,9,1826.81,Wallet
T1868,C424,2023-12-07,Electronics,4,3281.52,Card
T1869,C205,2023-02-13,Grocery,10,1331.27,UPI
T1870,C724,2023-01-30,Toys,6,3581.77,Card
T1871,C917,2023-09-11,Clothing,5,857.93,Wallet
T1872,C284,2023-01-30,Clothing,4,3627.76,UPI
T1873,C307,2023-05-10,Home & Kitchen,5,107.7,Cash
T1874,C648,2023-08-01,Grocery,4,413.29,Card
T1875,C362,2023-08-20,Clothing,7,3454.81,UPI
T1876,C876,2023-04-04,Home & Kitchen,9,3647.95,Wallet
T1877,C790,2023-01-22,Grocery,2,2981.92,Wallet
T1878,C633,2024-01-01,Clothing,3,310.08,Cash
T1879,C322,2023-10-03,Personal Care,8,3874.35,UPI
T1880,C868,2023-04-04,Clothing,4,635.13,UPI
T1881,C742,2023-10-15,Grocery,2,1105.54,Wallet
T1882,C222,2023-10-17,Personal Care,3,1419.14,UPI
T1883,C457,2023-03-25,Home & Kitchen,10,4063.78,Card
T1884,C694,2023-11-02,Clothing,5,3053.89,Cash
T1885,C722,2023-08-07,Electronics,4,4176.65,Cash
T1886,C603,2023-11-04,Clothing,2,3030.65,Card
T1887,C763,2023-11-16,Home & Kitchen,5,4820.65,UPI
T1888,C591,2023-03-02,Electronics,9,2429.09,Wallet
T1889,C676,2023-03-10,Electronics,1,85.08,Cash
T1890,C291,2023-12-15,Grocery,6,4048.04,UPI
T1891,C418,2023-07-23,Toys,9,3668.03,Wallet
T1892,C259,2023-09-01,Home & Kitchen,7,2600.24,Wallet
T1893,C328,2023-10-14,Toys,10,3137.59,Card
T1894,C734,2023-03-22,Personal Care,4,2348.45,Wallet
T1895,C300,2023-12-16,Grocery,4,4500.0,UPI
T1896,C783,2023-04-13,Clothing,8,213.4,Card
T1897,C531,2023-10-13,Toys,3,1198.44,Card
T1898,C831,2023-06-26,Home & Kitchen,6,1131.52,Wallet
T1899,C281,2023-02-14,Personal Care,8,4836.41,Wallet
T1900,C511,2023-09-30,Electronics,5,1070.93,UPI
T1901,C707,2023-09-02,Personal Care,6,4692.73,Card
T1902,C270,2023-08-03,Toys,5,3959.29,Cash
T1903,C989,2023-11-28,Clothing,9,2321.99,UPI
T1904,C714,2023-07-04,Home & Kitchen,3,621.51,UPI
T1905,C209,2023-01-05,Clothing,2,3364.63,Wallet
T1906,C699,2023-07-22,Grocery,8,1496.84,Card
T1907,C775,2023-02-13,Electronics,7,4885.12,Cash
T1908,C337,2023-05-05,Home & Kitchen,6,3802.66,Cash
T1909,C332,2023-10-31,Grocery,8,933.31,Wallet
T1910,C266,2023-12-11,Home & Kitchen,6,1186.32,UPI
T1911,C590,2023-11-18,Clothing,1,1841.51,Card
T1912,C660,2023-02-17,Clothing,9,3420.23,Card
T1913,C151,2023-01-04,Grocery,10,3588.64,Cash
T1914,C760,2023-03-05,Home & Kitchen,5,885.97,UPI
T1915,C482,2023-08-28,Grocery,7,1425.57,Wallet
T1916,C435,2023-04-20,Toys,1,2992.06,Cash
T1917,C639,2023-10-29,Clothing,4,4493.56,Wallet
T1918,C253,2023-07-29,Toys,10,1375.59,UPI
T1919,C929,2023-08-30,Electronics,10,717.71,Cash
T1920,C214,2023-07-09,Electronics,2,455.93,Cash
T1921,C206,2023-09-15,Home & Kitchen,3,1171.64,UPI
T1922,C574,2023-12-22,Home & Kitchen,7,2138.61,Card
T1923,C862,2023-08-03,Grocery,7,4011.53,Wallet
T1924,C178,2023-11-22,Toys,1,1730.77,Wallet
T1925,C729,2023-06-14,Home & Kitchen,5,2721.15,Card
T1926,C575,2023-02-24,Grocery,5,4707.11,Cash
T1927,C108,2023-09-15,Electronics,7,938.21,UPI
T1928,C452,2023-10-11,Home & Kitchen,2,3282.15,UPI
T1929,C910,2023-04-15,Toys,8,4426.68,Card
T1930,C884,2023-02-26,Toys,8,2922.22,Wallet
T1931,C171,2023-03-10,Home & Kitchen,5,875.42,Card
T1932,C347,2023-08-15,Electronics,7,1426.55,Cash
T1933,C708,2023-03-07,Electronics,1,1231.01,UPI
T1934,C902,2023-06-04,Grocery,1,381.68,Cash
T1935,C917,2023-10-02,Personal Care,7,1392.11,Card
T1936,C932,2023-11-16,Clothing,7,1935.08,Card
T1937,C236,2023-06-18,Electronics,6,2440.2,Cash
T1938,C643,2023-12-03,Clothing,1,1630.59,Wallet
T1939,C483,2023-05-23,Electronics,9,2263.77,Wallet
T1940,C856,2023-10-09,Electronics,7,1965.9,Card
T1941,C987,2023-05-10,Toys,7,4181.2,Cash
T1942,C294,2023-01-25,Personal Care,2,4387.43,UPI
T1943,C792,2023-01-20,Grocery,8,597.63,Card
T1944,C373,2023-03-14,Personal Care,7,2599.59,Wallet
T1945,C771,2023-01-31,Home & Kitchen,8,2502.66,Wallet
T1946,C965,2023-05-03,Personal Care,6,3671.13,UPI
T1947,C132,2023-08-19,Toys,3,3352.19,Cash
T1948,C166,2023-11-28,Grocery,9,311.36,Cash
T1949,C227,2023-02-04,Clothing,5,4595.49,Wallet
T1950,C401,2023-08-27,Home & Kitchen,2,4922.6,UPI
T1951,C661,2023-10-19,Grocery,1,1296.06,Cash
T1952,C599,2023-07-31,Clothing,6,2880.85,UPI
T1953,C720,2023-09-10,Grocery,1,1008.47,Cash
T1954,C450,2023-02-02,Home & Kitchen,9,362.29,UPI
T1955,C562,2023-01-16,Home & Kitchen,7,1149.21,Card
T1956,C483,2023-07-12,Clothing,1,2710.54,Cash
T1957,C247,2023-04-29,Home & Kitchen,1,4301.21,Card
T1958,C679,2023-09-03,Clothing,3,3646.06,Wallet
T1959,C628,2023-02-25,Electronics,1,413.94,Cash
T1960,C541,2023-02-17,Toys,5,4454.14,Wallet
T1961,C674,2023-10-25,Toys,5,1696.29,Cash
T1962,C876,2023-08-03,Home & Kitchen,5,2196.49,Cash
T1963,C635,2023-11-24,Home & Kitchen,4,4972.83,UPI
T1964,C217,2023-01-16,Home & Kitchen,2,3952.22,UPI
T1965,C279,2023-10-01,Personal Care,1,4887.34,Wallet
T1966,C524,2023-02-01,Electronics,10,3125.1,UPI
T1967,C467,2023-06-09,Personal Care,10,4216.8,Card
T1968,C431,2023-09-29,Home & Kitchen,3,3479.07,Cash
T1969,C505,2023-02-21,Grocery,6,176.46,Card
T1970,C234,2023-01-20,Electronics,3,4629.81,UPI
T1971,C786,2023-06-03,Electronics,9,3293.38,Card
T1972,C313,2023-01-09,Home & Kitchen,8,4129.84,Wallet
T1973,C466,2023-10-16,Clothing,9,476.13,UPI
T1974,C647,2023-02-25,Clothing,8,3645.02,Card
T1975,C966,2023-03-18,Toys,7,1183.43,Card
T1976,C841,2023-07-12,Toys,9,3845.77,Cash
T1977,C563,2023-02-04,Home & Kitchen,4,2734.71,UPI
T1978,C383,2023-05-29,Home & Kitchen,1,1318.49,UPI
T1979,C769,2023-08-27,Grocery,7,3612.61,Wallet
T1980,C845,2023-01-03,Clothing,10,4042.49,UPI
T1981,C875,2023-11-20,Home & Kitchen,9,708.48,Cash
T1982,C576,2023-11-04,Toys,1,1373.46,UPI
T1983,C564,2023-02-07,Toys,4,2917.23,Wallet
T1984,C522,2023-06-04,Clothing,1,4182.87,Cash
T1985,C306,2023-06-19,Grocery,3,633.88,Wallet
T1986,C568,2023-06-18,Electronics,6,3259.29,UPI
T1987,C413,2023-08-02,Clothing,9,3549.68,Card
T1988,C411,2023-09-18,Home & Kitchen,8,2567.84,Wallet
T1989,C567,2023-01-17,Toys,1,4807.83,UPI
T1990,C303,2023-09-26,Electronics,9,1380.91,Wallet
T1991,C890,2023-06-02,Electronics,4,4721.85,Cash
T1992,C283,2023-10-17,Clothing,1,468.16,Wallet
T1993,C800,2023-09-19,Clothing,5,211.33,UPI
T1994,C734,2023-07-17,Personal Care,8,2483.67,Cash
T1995,C518,2023-10-30,Electronics,4,1941.36,Wallet
T1996,C851,2023-07-20,Toys,7,375.87,UPI
T1997,C719,2023-07-25,Grocery,2,901.67,Wallet
T1998,C562,2023-04-10,Personal Care,7,4190.18,Card
T1999,C890,2023-05-01,Grocery,10,868.04,Cash
